{
	"partitions" : [
		{
			"name" : "Top",
			"pins" : [
				{
					"name" : "LIGHTS[6]",
					"strict" : false
				},
				{
					"name" : "LIGHTS[5]",
					"strict" : false
				},
				{
					"name" : "LIGHTS[4]",
					"strict" : false
				},
				{
					"name" : "LIGHTS[3]",
					"strict" : false
				},
				{
					"name" : "LIGHTS[2]",
					"strict" : false
				},
				{
					"name" : "LIGHTS[1]",
					"strict" : false
				},
				{
					"name" : "HAZ",
					"strict" : false
				},
				{
					"name" : "LEFT",
					"strict" : false
				},
				{
					"name" : "RIGHT",
					"strict" : false
				},
				{
					"name" : "RESET",
					"strict" : false
				},
				{
					"name" : "CLOCK",
					"strict" : false
				}
			]
		}
	]
}